happiness_id,country_id,year,happiness_rank,happiness_score,gdp_per_capita,social_support,life_expectancy,freedom,generosity
1,1,2015,1,7.587,1.39651,1.34951,0.94143,0.66557,0.29678
2,2,2015,2,7.561,1.30232,1.40223,0.94784,0.62877,0.4363
3,3,2015,3,7.527,1.32548,1.36058,0.87464,0.64938,0.34139
4,4,2015,4,7.522,1.459,1.33095,0.88521,0.66973,0.34699
5,5,2015,5,7.427,1.32629,1.32261,0.90563,0.63297,0.45811
6,6,2015,6,7.406,1.29025,1.31826,0.88911,0.64169,0.23351
7,7,2015,7,7.378,1.32944,1.28017,0.89284,0.61576,0.4761
8,8,2015,8,7.364,1.33171,1.28907,0.91087,0.6598,0.36262
9,9,2015,9,7.286,1.25018,1.31967,0.90837,0.63938,0.47501
10,10,2015,10,7.284,1.33358,1.30923,0.93156,0.65124,0.43562
11,11,2015,11,7.278,1.22857,1.22393,0.91387,0.41319,0.33172
12,12,2015,12,7.226,0.95578,1.23788,0.86027,0.63376,0.25497
13,13,2015,13,7.2,1.33723,1.29704,0.89042,0.62433,0.33088
14,14,2015,14,7.187,1.02054,0.91451,0.81444,0.48181,0.14074
15,15,2015,15,7.119,1.39451,1.24711,0.86179,0.54604,0.40105
16,16,2015,16,6.983,0.98124,1.23287,0.69702,0.49049,0.14574
17,17,2015,17,6.946,1.56391,1.21963,0.91894,0.61583,0.28034
18,18,2015,18,6.94,1.33596,1.36948,0.89533,0.61777,0.45901
19,19,2015,19,6.937,1.30782,1.28566,0.89667,0.5845,0.2225
20,20,2015,20,6.901,1.42727,1.12575,0.80925,0.64157,0.26428
21,21,2015,21,6.867,1.26637,1.28548,0.90943,0.59625,0.51912
22,22,2015,22,6.853,1.36011,1.08182,0.76276,0.63274,0.21542
23,23,2015,23,6.81,1.04424,1.25596,0.72052,0.42908,0.05841
24,24,2015,24,6.798,1.52186,1.02,1.02525,0.54252,0.31105
25,25,2015,25,6.786,1.06353,1.1985,0.79661,0.5421,0.24434
26,26,2015,26,6.75,1.32792,1.29937,0.89186,0.61477,0.28214
27,27,2015,27,6.67,1.10715,1.12447,0.85857,0.44132,0.33363
28,28,2015,28,6.611,1.69042,1.0786,0.79733,0.6404,0.32573
29,29,2015,29,6.575,1.27778,1.26038,0.94579,0.55011,0.12332
30,30,2015,30,6.574,1.05351,1.24823,0.78723,0.44974,0.11451
31,31,2015,31,6.505,1.17898,1.20643,0.84483,0.46364,0.10686
32,32,2015,32,6.485,1.06166,1.2089,0.8116,0.60362,0.2324
33,33,2015,33,6.477,0.91861,1.24018,0.69077,0.53466,0.18401
34,34,2015,34,6.455,0.9669,1.26504,0.7385,0.55664,0.5763
35,35,2015,35,6.411,1.39541,1.08393,0.72025,0.31048,0.13706
36,36,2015,36,6.329,1.23011,1.31379,0.95562,0.45951,0.18227
37,37,2015,37,6.302,1.2074,1.30203,0.88721,0.60365,0.51752
38,38,2015,38,6.298,1.29098,1.07617,0.8753,0.3974,0.25376
39,39,2015,39,6.295,1.55422,1.16594,0.72492,0.55499,0.16228
40,40,2015,40,6.269,0.99534,0.972,0.6082,0.59657,0.16991
41,41,2015,41,6.168,1.21183,1.18354,0.61483,0.55884,0.31844
42,42,2015,42,6.13,0.76454,1.02507,0.67737,0.4035,0.10692
43,43,2015,43,6.123,0.74553,1.04356,0.64425,0.57733,0.27489
44,44,2015,44,6.003,0.63244,1.34043,0.59772,0.65821,0.22837
45,45,2015,45,5.995,1.16891,1.26999,0.78902,0.31751,0.16893
46,46,2015,46,5.987,1.27074,1.25712,0.99111,0.49615,0.10705
47,47,2015,47,5.984,1.24461,0.95774,0.96538,0.33208,0.18557
48,48,2015,48,5.975,0.86402,0.99903,0.79075,0.48574,0.11541
49,49,2015,49,5.96,1.32376,1.21624,0.74716,0.45492,0.17362
50,50,2015,50,5.948,1.25114,1.19777,0.95446,0.26236,0.22823
51,51,2015,51,5.89,0.68133,0.97841,0.5392,0.57414,0.20536
52,52,2015,52,5.889,0.59448,1.01528,0.61826,0.32818,0.20951
53,53,2015,53,5.878,0.75985,1.30477,0.66098,0.53899,0.3424
54,54,2015,54,5.855,1.12254,1.12241,0.64368,0.51649,0.11827
55,55,2015,55,5.848,1.18498,1.27385,0.87337,0.60855,0.25328
56,56,2015,56,5.833,1.14723,1.25745,0.73128,0.21342,0.02641
57,57,2015,57,5.828,0.59325,1.14184,0.74314,0.55475,0.27815
58,58,2015,58,5.824,0.90019,0.97459,0.73017,0.41496,0.14982
59,59,2015,59,5.813,1.03192,1.23289,0.73608,0.37938,0.11046
60,60,2015,60,5.791,1.12555,1.27948,0.77903,0.53122,0.16759
61,61,2015,61,5.77,1.12486,1.07023,0.72394,0.53024,0.33075
62,62,2015,62,5.759,1.08254,0.79624,0.78805,0.25883,0.05444
63,63,2015,63,5.754,1.13145,1.11862,0.7038,0.41668,0.18295
64,64,2015,64,5.716,1.13764,1.23617,0.66926,0.36679,0.00199
65,65,2015,65,5.709,0.81038,1.15102,0.68741,0.50442,0.2123
66,66,2015,66,5.695,1.20806,1.07008,0.92356,0.49027,0.26169
67,67,2015,67,5.689,1.20813,0.89318,0.92356,0.40672,0.30638
68,68,2015,68,5.605,0.93929,1.07772,0.61766,0.28579,0.07822
69,69,2015,69,5.589,0.80148,0.81198,0.63132,0.24749,0.2831
70,70,2015,70,5.548,0.95847,1.22668,0.53886,0.4761,0.16979
71,71,2015,71,5.477,1.00761,0.98521,0.7095,0.56066,0.37744
72,72,2015,72,5.474,1.38604,1.05818,1.01328,0.59608,0.39478
73,73,2015,73,5.429,1.15174,1.22791,0.77361,0.44888,0.0868
74,74,2015,74,5.399,0.82827,1.08708,0.63793,0.46611,0.51535
75,75,2015,75,5.36,0.63216,0.91226,0.74676,0.59444,0.1686
76,76,2015,76,5.332,1.06098,0.94632,0.73172,0.22815,0.12253
77,77,2015,77,5.286,0.47428,1.15115,0.65088,0.43477,0.3003
78,78,2015,78,5.268,0.65435,0.90432,0.16007,0.34334,0.27233
79,79,2015,79,5.253,0.77042,1.10395,0.57407,0.53206,0.47998
80,80,2015,80,5.212,1.02389,0.93793,0.64045,0.3703,0.07799
81,81,2015,81,5.194,0.59543,0.41411,0.51466,0.12102,0.33671
82,82,2015,82,5.192,0.90198,1.05392,0.69639,0.40661,0.11053
83,83,2015,82,5.192,0.97438,0.90557,0.72521,0.1826,0.1614
84,84,2015,84,5.14,0.89012,0.94675,0.81658,0.51697,0.08185
85,85,2015,85,5.129,0.47038,0.91612,0.29924,0.48827,0.19591
86,86,2015,86,5.124,1.04345,0.88588,0.7689,0.35068,0.13748
87,87,2015,87,5.123,0.92053,1.00964,0.74836,0.20107,0.19231
88,88,2015,88,5.102,1.15991,1.13935,0.87519,0.51469,0.13719
89,89,2015,89,5.098,1.11312,1.09562,0.72437,0.29671,0.18226
90,90,2015,90,5.073,0.70532,1.03516,0.58114,0.62545,0.24991
91,91,2015,91,5.057,0.18847,0.95152,0.43873,0.46582,0.50318
92,92,2015,92,5.013,0.73479,0.64095,0.60954,0.41691,0.07172
93,93,2015,93,5.007,0.91851,1.00232,0.73545,0.33457,0.22359
94,94,2015,94,4.971,0.08308,1.02626,0.09131,0.34037,0.22269
95,95,2015,95,4.959,0.87867,0.80434,0.81325,0.35733,0.14272
96,96,2015,96,4.949,0.83223,0.91916,0.79081,0.09245,0.24808
97,97,2015,97,4.898,0.37545,1.04103,0.07612,0.31767,0.16388
98,98,2015,98,4.885,0.89537,1.17202,0.66825,0.57672,0.21684
99,99,2015,99,4.876,0.59066,0.73803,0.54909,0.59591,0.42192
100,100,2015,100,4.874,0.82819,1.3006,0.60268,0.43626,0.3323
101,101,2015,101,4.867,0.71206,1.07284,0.07566,0.30658,0.18259
102,102,2015,102,4.857,1.15406,0.92933,0.88213,0.07699,0.0
103,103,2015,103,4.839,1.02564,0.80001,0.83947,0.33916,0.21854
104,104,2015,104,4.8,1.12094,1.20215,0.75905,0.32112,0.128
105,105,2015,105,4.788,0.59532,0.95348,0.6951,0.40148,0.23027
106,106,2015,106,4.786,0.39047,0.85563,0.57379,0.47216,0.22974
107,107,2015,107,4.739,0.88113,0.60429,0.73793,0.26268,0.06431
108,108,2015,108,4.715,0.59867,0.92558,0.66015,0.24499,0.11251
109,109,2015,109,4.694,0.39753,0.43106,0.60164,0.4082,0.21222
110,110,2015,110,4.686,1.0088,0.54447,0.69805,0.30033,0.38086
111,111,2015,111,4.681,0.79907,1.20278,0.6739,0.25123,0.15275
112,112,2015,112,4.677,0.98549,0.81889,0.60237,0.0,0.17922
113,113,2015,113,4.642,0.92049,1.18468,0.27688,0.33207,0.11973
114,114,2015,114,4.633,0.54558,0.67954,0.40132,0.42342,0.23087
115,115,2015,115,4.61,0.271,1.03276,0.33475,0.25861,0.18987
116,116,2015,116,4.571,0.0712,0.78968,0.34201,0.28531,0.24362
117,117,2015,117,4.565,0.64499,0.38174,0.51529,0.39786,0.26475
118,118,2015,118,4.55,0.52107,1.01404,0.36878,0.10081,0.19062
119,119,2015,119,4.518,0.26673,0.74302,0.38847,0.24425,0.46187
120,120,2015,120,4.517,0.0,1.0012,0.09806,0.22605,0.24834
121,121,2015,121,4.514,0.35997,0.86449,0.56874,0.38282,0.32296
122,122,2015,122,4.512,0.19073,0.60406,0.44055,0.4345,0.24325
123,123,2015,123,4.507,0.33024,0.95571,0.0,0.4084,0.21488
124,124,2015,124,4.436,0.45407,0.86908,0.35874,0.24232,0.219
125,125,2015,125,4.419,0.36471,0.99876,0.41435,0.42215,0.37542
126,126,2015,126,4.369,0.44025,0.59207,0.36291,0.46074,0.18093
127,127,2015,127,4.35,0.76821,0.77711,0.7299,0.19847,0.07855
128,128,2015,128,4.332,0.99355,1.10464,0.04776,0.49495,0.10461
129,129,2015,129,4.307,0.27108,0.70905,0.48246,0.44017,0.79588
130,130,2015,130,4.297,0.7419,0.38562,0.72926,0.40577,0.05547
131,131,2015,131,4.292,0.01604,0.41134,0.22562,0.43054,0.33128
132,132,2015,132,4.271,0.83524,1.01905,0.70806,0.53726,0.40828
133,133,2015,133,4.252,0.4225,0.88767,0.23402,0.49309,0.20618
134,134,2015,134,4.218,1.01216,1.10614,0.76649,0.30587,0.11921
135,135,2015,135,4.194,0.8818,0.747,0.61712,0.17288,0.11291
136,136,2015,136,4.077,0.54649,0.68093,0.40064,0.35571,0.09131
137,137,2015,137,4.033,0.75778,0.8604,0.16683,0.10384,0.12344
138,138,2015,138,3.995,0.26074,1.03526,0.20583,0.38857,0.18798
139,139,2015,139,3.989,0.67866,0.6629,0.31051,0.41466,0.12388
140,140,2015,140,3.956,0.23906,0.79273,0.36315,0.22917,0.17441
141,141,2015,141,3.931,0.21102,1.13299,0.33861,0.45727,0.29066
142,142,2015,142,3.904,0.36498,0.97619,0.4354,0.36772,0.20843
143,143,2015,143,3.896,1.06024,0.90528,0.43372,0.31914,0.06822
144,144,2015,144,3.845,0.0694,0.77265,0.29707,0.47692,0.19387
145,145,2015,145,3.819,0.46038,0.62736,0.61114,0.66246,0.40359
146,146,2015,146,3.781,0.2852,1.00268,0.38215,0.32878,0.34377
147,147,2015,147,3.681,0.20824,0.66801,0.46721,0.19184,0.21333
148,148,2015,148,3.678,0.0785,0.0,0.06699,0.48879,0.23835
149,149,2015,149,3.667,0.34193,0.76062,0.1501,0.23501,0.18386
150,150,2015,150,3.656,0.17417,0.46475,0.24009,0.37725,0.28657
151,151,2015,151,3.655,0.46534,0.77115,0.15185,0.46866,0.20165
152,152,2015,152,3.587,0.25812,0.85188,0.27125,0.39493,0.21747
153,153,2015,153,3.575,0.31982,0.30285,0.30335,0.23414,0.3651
154,154,2015,154,3.465,0.22208,0.7737,0.42864,0.59201,0.22628
155,155,2015,155,3.34,0.28665,0.35386,0.3191,0.4845,0.1826
156,156,2015,156,3.006,0.6632,0.47489,0.72193,0.15684,0.47179
157,157,2015,157,2.905,0.0153,0.41587,0.22396,0.1185,0.19727
158,158,2015,158,2.839,0.20868,0.13995,0.28443,0.36453,0.16681
159,3,2016,1,7.526,1.44178,1.16374,0.79504,0.57941,0.36171
160,1,2016,2,7.509,1.52733,1.14524,0.86303,0.58557,0.28083
161,2,2016,3,7.501,1.42666,1.18326,0.86733,0.56624,0.47678
162,4,2016,4,7.498,1.57744,1.1269,0.79579,0.59609,0.37895
163,6,2016,5,7.413,1.40598,1.13464,0.81091,0.57104,0.25492
164,5,2016,6,7.404,1.44015,1.0961,0.8276,0.5737,0.44834
165,7,2016,7,7.339,1.46468,1.02912,0.81231,0.55211,0.47416
166,9,2016,8,7.334,1.36066,1.17278,0.83096,0.58147,0.49401
167,10,2016,9,7.313,1.44443,1.10476,0.8512,0.56837,0.47407
168,8,2016,10,7.291,1.45181,1.08764,0.83121,0.58218,0.38254
169,11,2016,11,7.267,1.33766,0.99537,0.84917,0.36432,0.32288
170,13,2016,12,7.119,1.45038,1.08383,0.80565,0.54355,0.32865
171,15,2016,13,7.104,1.50796,1.04782,0.779,0.48163,0.41077
172,12,2016,14,7.087,1.06879,1.02152,0.76146,0.55225,0.22553
173,159,2016,15,7.039,1.35943,1.08113,0.77758,0.46823,0.22202
174,26,2016,16,6.994,1.44787,1.09774,0.81487,0.53466,0.30452
175,16,2016,17,6.952,1.08754,1.03938,0.61415,0.40425,0.15776
176,19,2016,18,6.929,1.42539,1.05249,0.81959,0.51354,0.2424
177,18,2016,19,6.907,1.48341,1.16157,0.81455,0.54008,0.44963
178,17,2016,20,6.871,1.69752,1.03999,0.84542,0.5487,0.27571
179,14,2016,21,6.778,1.11508,0.7146,0.71143,0.37709,0.11735
180,24,2016,22,6.739,1.64555,0.86758,0.94719,0.4877,0.32706
181,21,2016,23,6.725,1.40283,1.08672,0.80991,0.50036,0.50156
182,27,2016,24,6.705,1.2167,0.90587,0.81883,0.37789,0.31595
183,25,2016,25,6.701,1.18306,0.98912,0.70835,0.48927,0.2418
184,30,2016,26,6.65,1.15137,1.06612,0.69711,0.42284,0.10989
185,31,2016,27,6.596,1.30915,1.00793,0.76376,0.41418,0.09929
186,20,2016,28,6.573,1.57352,0.87114,0.72993,0.56215,0.26591
187,32,2016,29,6.545,1.18157,1.03143,0.72183,0.54388,0.18056
188,37,2016,30,6.488,1.30782,1.09879,0.80315,0.54994,0.56237
189,33,2016,31,6.481,1.03032,1.02169,0.59659,0.44735,0.15626
190,29,2016,32,6.478,1.39488,1.00508,0.83795,0.46562,0.1216
191,34,2016,33,6.474,1.0893,1.04477,0.64915,0.49553,0.58696
192,35,2016,34,6.379,1.48953,0.84829,0.59267,0.37904,0.15457
193,38,2016,34,6.379,1.39729,0.92624,0.79565,0.32377,0.25495
194,28,2016,36,6.375,1.82427,0.87964,0.71723,0.56679,0.32388
195,36,2016,37,6.361,1.34253,1.12945,0.87896,0.37545,0.17665
196,68,2016,38,6.355,1.05266,0.83309,0.61804,0.21006,0.07044
197,43,2016,39,6.324,0.83454,0.87119,0.54039,0.50379,0.28808
198,40,2016,40,6.269,1.09686,0.77866,0.50933,0.52234,0.16665
199,39,2016,41,6.239,1.61714,0.87758,0.63569,0.43166,0.15965
200,49,2016,42,6.218,1.44024,0.94397,0.65696,0.47375,0.17147
201,41,2016,43,6.168,1.32572,0.98569,0.52608,0.48453,0.31935
202,23,2016,44,6.084,1.13367,1.03302,0.61904,0.19847,0.0425
203,45,2016,45,6.078,1.27973,1.08268,0.70367,0.23391,0.13837
204,42,2016,46,6.068,0.8737,0.80975,0.596,0.37269,0.08877
205,61,2016,47,6.005,1.25142,0.88025,0.62366,0.39031,0.41474
206,57,2016,48,5.992,0.69384,0.89521,0.65213,0.46582,0.29773
207,44,2016,49,5.987,0.73591,1.1681,0.50163,0.60848,0.34326
208,50,2016,50,5.977,1.35495,1.04167,0.85102,0.18827,0.16684
209,48,2016,51,5.976,0.97306,0.85974,0.68613,0.4027,0.10074
210,160,2016,52,5.956,0.87616,0.68655,0.45569,0.51231,0.23684
211,46,2016,53,5.921,1.38007,1.06054,0.91491,0.46761,0.10224
212,54,2016,54,5.919,1.22943,0.95544,0.57386,0.4052,0.15011
213,52,2016,55,5.897,0.69177,0.83132,0.52309,0.25202,0.19997
214,64,2016,56,5.856,1.23228,1.05261,0.58991,0.32682,0.02736
215,60,2016,57,5.835,1.24585,1.04685,0.69058,0.4519,0.14443
216,47,2016,57,5.835,1.35948,0.72194,0.88645,0.25168,0.18824
217,51,2016,59,5.822,0.79422,0.83779,0.4697,0.50961,0.21698
218,56,2016,60,5.813,1.2692,1.06411,0.64674,0.18929,0.02025
219,59,2016,61,5.802,1.13062,1.04993,0.63104,0.29091,0.13942
220,66,2016,62,5.771,1.31141,0.81826,0.84142,0.43596,0.26322
221,55,2016,63,5.768,1.29947,1.05613,0.79151,0.53164,0.25738
222,58,2016,64,5.743,0.99602,0.81255,0.62994,0.37502,0.14527
223,70,2016,65,5.658,1.08017,1.03817,0.44006,0.37408,0.22567
224,71,2016,66,5.648,1.14372,0.75695,0.66189,0.46145,0.36951
225,63,2016,67,5.615,1.06688,0.95076,0.52304,0.40672,0.17087
226,89,2016,68,5.56,1.21788,0.95025,0.63952,0.27996,0.17445
227,67,2016,69,5.546,1.31857,0.70697,0.8488,0.29507,0.27906
228,53,2016,70,5.538,0.89373,1.11111,0.58295,0.46235,0.25296
229,86,2016,71,5.528,1.1697,0.72803,0.67602,0.36712,0.12889
230,73,2016,72,5.517,1.27964,1.05163,0.68098,0.41511,0.08423
231,65,2016,73,5.51,0.89333,0.96372,0.59469,0.43597,0.22245
232,62,2016,74,5.488,1.18649,0.60809,0.70524,0.23907,0.18434
233,72,2016,75,5.458,1.5107,0.87021,0.95277,0.48079,0.40097
234,161,2016,76,5.44,0.0,0.33613,0.11466,0.56778,0.27225
235,69,2016,77,5.401,0.90145,0.66062,0.54,0.14396,0.27992
236,76,2016,78,5.389,1.16492,0.87717,0.64718,0.23889,0.04707
237,74,2016,79,5.314,0.95104,0.87625,0.49374,0.39237,0.56521
238,82,2016,80,5.303,0.99673,0.86216,0.60712,0.36023,0.14262
239,80,2016,81,5.291,1.12373,0.76042,0.54504,0.35327,0.0564
240,90,2016,82,5.279,0.81217,0.87877,0.47036,0.54854,0.21674
241,84,2016,83,5.245,1.0278,0.79381,0.73561,0.44012,0.04959
242,79,2016,84,5.196,0.8527,0.90836,0.49759,0.46074,0.48546
243,77,2016,85,5.185,0.56044,0.95434,0.55449,0.40212,0.38432
244,87,2016,86,5.177,1.03437,0.81329,0.6458,0.15718,0.20737
245,96,2016,87,5.163,0.93383,0.64367,0.70766,0.09511,0.29889
246,83,2016,88,5.161,1.07838,0.74173,0.63533,0.15111,0.17191
247,98,2016,89,5.155,1.02787,0.99496,0.57669,0.52259,0.21286
248,92,2016,90,5.151,0.84058,0.38595,0.59471,0.25646,0.04053
249,104,2016,91,5.145,1.24142,0.93164,0.67608,0.1977,0.099
250,81,2016,92,5.132,0.68816,0.26135,0.40306,0.14622,0.31185
251,103,2016,93,5.129,1.12268,0.64184,0.76171,0.26228,0.23693
252,88,2016,94,5.123,1.27607,0.94367,0.79363,0.44727,0.11691
253,93,2016,95,5.121,1.0193,0.78236,0.64738,0.27668,0.23507
254,75,2016,96,5.061,0.74037,0.79117,0.66157,0.55954,0.25075
255,162,2016,97,5.057,0.25558,0.75862,0.33108,0.3913,0.51479
256,107,2016,98,5.045,0.97724,0.43165,0.59577,0.23553,0.03936
257,102,2016,99,5.033,1.24886,0.75473,0.80029,0.05822,0.0
258,106,2016,100,4.996,0.48835,0.75602,0.53119,0.43408,0.25998
259,100,2016,101,4.907,0.98853,1.08983,0.55469,0.35972,0.34539
260,99,2016,102,4.876,0.68042,0.5497,0.38291,0.52168,0.43079
261,78,2016,103,4.875,0.75216,0.64498,0.05108,0.27854,0.23219
262,105,2016,104,4.871,0.69429,0.75596,0.58383,0.26755,0.2044
263,110,2016,105,4.813,1.11758,0.38857,0.64232,0.22544,0.38538
264,85,2016,106,4.795,0.61202,0.6376,0.23573,0.42662,0.17866
265,121,2016,107,4.793,0.44626,0.69699,0.50073,0.37012,0.3816
266,108,2016,108,4.754,0.67024,0.71629,0.56844,0.17744,0.11154
267,95,2016,109,4.655,0.9553,0.50163,0.73007,0.31866,0.1684
268,109,2016,110,4.643,0.54177,0.24749,0.52989,0.39778,0.19132
269,123,2016,111,4.635,0.36485,0.628,0.0,0.30685,0.23897
270,112,2016,112,4.575,1.07474,0.59205,0.51076,0.24856,0.19589
271,163,2016,113,4.574,0.93287,0.70362,0.34745,0.48614,0.07795
272,133,2016,114,4.513,0.52497,0.62542,0.12698,0.42736,0.2268
273,122,2016,115,4.508,0.29283,0.37932,0.34578,0.36703,0.29522
274,113,2016,116,4.459,1.02416,0.96053,0.18611,0.42483,0.13656
275,132,2016,117,4.415,0.97318,0.84783,0.62007,0.50817,0.46978
276,117,2016,118,4.404,0.74036,0.29247,0.45091,0.40285,0.25028
277,129,2016,119,4.395,0.34112,0.69981,0.3988,0.42692,0.81971
278,135,2016,120,4.362,0.95395,0.49813,0.52116,0.18847,0.12706
279,127,2016,121,4.36,0.86086,0.62477,0.64083,0.14037,0.07793
280,125,2016,122,4.356,0.52267,0.7624,0.30147,0.40576,0.41328
281,111,2016,123,4.324,0.87287,1.01413,0.58628,0.12859,0.20363
282,114,2016,124,4.276,0.63107,0.49353,0.29681,0.40973,0.21203
283,120,2016,125,4.272,0.05661,0.80676,0.188,0.15602,0.25458
284,130,2016,126,4.252,0.83792,0.19249,0.64035,0.32461,0.06786
285,139,2016,127,4.236,0.77109,0.47799,0.28212,0.37938,0.12077
286,142,2016,128,4.219,0.44314,0.77416,0.40457,0.31056,0.19103
287,134,2016,129,4.217,1.11306,0.92542,0.67806,0.21219,0.12793
288,124,2016,130,4.201,0.61391,0.84142,0.28639,0.1268,0.22686
289,115,2016,131,4.193,0.35041,0.71478,0.1595,0.25429,0.18503
290,131,2016,132,4.156,0.08709,0.147,0.29364,0.4143,0.30968
291,118,2016,133,4.139,0.63069,0.81928,0.29759,0.0,0.18077
292,143,2016,134,4.121,1.15851,0.72368,0.3494,0.28098,0.06244
293,138,2016,135,4.073,0.31292,0.86333,0.16347,0.27544,0.21064
294,119,2016,136,4.028,0.34097,0.29561,0.27494,0.12072,0.47958
295,128,2016,137,3.974,1.09426,0.89186,0.34752,0.44089,0.12425
296,140,2016,138,3.956,0.27509,0.60323,0.29981,0.15412,0.1827
297,151,2016,139,3.916,0.55507,0.57576,0.04476,0.40663,0.20338
298,145,2016,140,3.907,0.55604,0.5375,0.42494,0.58852,0.40339
299,137,2016,141,3.866,0.84731,0.66366,0.04991,0.00589,0.12071
300,144,2016,142,3.856,0.1327,0.6053,0.26162,0.38041,0.2097
301,164,2016,143,3.832,0.39394,0.18519,0.15781,0.19662,0.25899
302,149,2016,144,3.763,0.42214,0.63178,0.03824,0.12807,0.18667
303,152,2016,145,3.739,0.31995,0.63054,0.21297,0.3337,0.24353
304,141,2016,145,3.739,0.34719,0.90981,0.19625,0.43653,0.27102
305,136,2016,147,3.724,0.57939,0.47493,0.31048,0.2287,0.09821
306,147,2016,148,3.695,0.27954,0.46115,0.37109,0.13684,0.2204
307,146,2016,149,3.666,0.47155,0.77623,0.357,0.3176,0.31472
308,116,2016,150,3.622,0.10706,0.50353,0.23165,0.25748,0.24063
309,150,2016,151,3.607,0.22415,0.3109,0.18829,0.30953,0.29914
310,154,2016,152,3.515,0.32846,0.61586,0.31865,0.5432,0.23552
311,155,2016,153,3.484,0.39499,0.10419,0.21028,0.39747,0.2018
312,153,2016,154,3.36,0.38227,0.11037,0.17344,0.1643,0.31268
313,158,2016,155,3.303,0.28123,0.0,0.24811,0.34678,0.17517
314,156,2016,156,3.069,0.74719,0.14866,0.62994,0.06912,0.48397
315,157,2016,157,2.905,0.06831,0.23442,0.15747,0.0432,0.2029
316,165,2017,1,7.53700017929077,1.61646318435669,1.53352355957031,0.796666502952576,0.635422587394714,0.36201223731041
317,166,2017,2,7.52199983596802,1.48238301277161,1.55112159252167,0.792565524578094,0.626006722450256,0.355280488729477
318,167,2017,3,7.50400018692017,1.480633020401,1.6105740070343,0.833552122116089,0.627162635326385,0.475540220737457
319,168,2017,4,7.49399995803833,1.56497955322266,1.51691174507141,0.858131289482117,0.620070576667786,0.290549278259277
320,169,2017,5,7.4689998626709,1.44357192516327,1.5402467250824,0.80915766954422,0.617950856685638,0.24548277258873
321,170,2017,6,7.3769998550415,1.50394463539124,1.42893922328949,0.810696125030518,0.585384488105774,0.470489829778671
322,171,2017,7,7.31599998474121,1.47920441627502,1.48134899139404,0.83455765247345,0.611100912094116,0.435539722442627
323,172,2017,8,7.31400012969971,1.40570604801178,1.54819512367249,0.816759705543518,0.614062130451202,0.500005125999451
324,173,2017,9,7.28399991989136,1.49438726902008,1.47816216945648,0.830875158309937,0.612924098968506,0.385399252176285
325,174,2017,10,7.28399991989136,1.484414935112,1.51004195213318,0.84388679265976,0.601607382297516,0.477699249982834
326,175,2017,11,7.21299982070923,1.37538242340088,1.37628996372223,0.83840399980545,0.405988603830338,0.330082654953003
327,176,2017,12,7.0789999961853,1.10970628261566,1.41640365123749,0.759509265422821,0.580131649971008,0.214613229036331
328,177,2017,13,7.00600004196167,1.48709726333618,1.4599449634552,0.815328419208527,0.567766189575195,0.316472321748734
329,178,2017,14,6.99300003051758,1.54625928401947,1.41992056369781,0.77428662776947,0.505740523338318,0.392578780651093
330,179,2017,15,6.97700023651123,1.53570663928986,1.55823111534119,0.80978262424469,0.573110342025757,0.42785832285881
331,180,2017,16,6.95100021362305,1.48792338371277,1.47252035140991,0.798950731754303,0.562511384487152,0.336269170045853
332,181,2017,17,6.89099979400635,1.46378076076508,1.46231269836426,0.818091869354248,0.539770722389221,0.231503337621689
333,182,2017,18,6.86299991607666,1.74194359779358,1.45758366584778,0.845089495182037,0.59662789106369,0.283180981874466
334,183,2017,19,6.71400022506714,1.44163393974304,1.49646008014679,0.805335938930511,0.508190035820007,0.492774158716202
335,184,2017,20,6.65199995040894,1.25278460979462,1.28402495384216,0.819479703903198,0.376895278692245,0.326662421226501
336,185,2017,21,6.64799976348877,1.62634336948395,1.26641023159027,0.726798236370087,0.60834527015686,0.3609419465065
337,186,2017,22,6.63500022888184,1.10735321044922,1.43130600452423,0.616552352905273,0.437453746795654,0.16234989464283
338,187,2017,23,6.60900020599365,1.35268235206604,1.43388521671295,0.754444003105164,0.490946173667908,0.0881067588925362
339,188,2017,24,6.59899997711182,1.18529546260834,1.44045114517212,0.695137083530426,0.494519203901291,0.109457060694695
340,189,2017,25,6.57800006866455,1.15318381786346,1.210862159729,0.709978997707367,0.412730008363724,0.120990432798862
341,190,2017,26,6.57200002670288,1.69227766990662,1.35381436347961,0.949492394924164,0.549840569496155,0.345965981483459
342,191,2017,27,6.52699995040894,1.34327983856201,1.48841166496277,0.821944236755371,0.588767051696777,0.574730575084686
343,192,2017,28,6.4539999961853,1.21755969524384,1.41222786903381,0.719216823577881,0.57939225435257,0.175096929073334
344,193,2017,29,6.4539999961853,0.872001945972443,1.25558519363403,0.540239989757538,0.531310617923737,0.283488392829895
345,194,2017,30,6.4520001411438,1.23374843597412,1.37319254875183,0.706156134605408,0.550026834011078,0.21055693924427
346,195,2017,31,6.44199991226196,1.43092346191406,1.38777685165405,0.844465851783752,0.470222115516663,0.129762306809425
347,196,2017,32,6.42399978637695,1.12786877155304,1.42579245567322,0.647239029407501,0.580200731754303,0.572123110294342
348,197,2017,33,6.42199993133545,1.43362653255463,1.38456535339355,0.793984234333038,0.361466586589813,0.258360475301743
349,198,2017,34,6.40299987792969,1.38439786434174,1.53209090232849,0.888960599899292,0.408781230449677,0.190133571624756
350,199,2017,35,6.375,1.87076568603516,1.27429687976837,0.710098087787628,0.604130983352661,0.330473870038986
351,200,2017,36,6.35699987411499,1.07062232494354,1.4021829366684,0.595027923583984,0.477487415075302,0.149014472961426
352,201,2017,37,6.3439998626709,1.53062355518341,1.28667759895325,0.590148329734802,0.449750572443008,0.147616013884544
353,202,2017,38,6.16800022125244,1.36135590076447,1.3802285194397,0.519983291625977,0.518630743026733,0.325296461582184
354,203,2017,39,6.10500001907349,1.63295245170593,1.25969874858856,0.632105708122253,0.496337592601776,0.228289797902107
355,204,2017,40,6.09800004959106,1.32539355754852,1.50505924224854,0.712732911109924,0.295817464590073,0.136544480919838
356,205,2017,41,6.08699989318848,1.48841226100922,1.32311046123505,0.653133034706116,0.536746919155121,0.172668486833572
357,206,2017,42,6.08400011062622,1.29121541976929,1.28464603424072,0.618784427642822,0.402264982461929,0.416608929634094
358,207,2017,43,6.07100009918213,0.737299203872681,1.28721570968628,0.653095960617065,0.447551846504211,0.301674216985703
359,208,2017,44,6.00799989700317,1.00082039833069,1.28616881370544,0.685636222362518,0.4551981985569,0.150112465023994
360,209,2017,45,6.00299978256226,0.909784495830536,1.18212509155273,0.596018552780151,0.432452529668808,0.0782579854130745
361,210,2017,46,5.97300004959106,1.29178786277771,1.44571197032928,0.699475347995758,0.520342111587524,0.158465966582298
362,211,2017,47,5.97100019454956,0.786441087722778,1.54896914958954,0.498272627592087,0.658248662948608,0.415983647108078
363,212,2017,48,5.96400022506714,1.39506661891937,1.44492328166962,0.853144347667694,0.256450712680817,0.17278964817524
364,213,2017,49,5.96299982070923,1.28177809715271,1.46928238868713,0.547349333763123,0.373783111572266,0.0522638224065304
365,214,2017,50,5.95599985122681,0.907975316047668,1.08141779899597,0.450191766023636,0.547509372234344,0.240015640854836
366,215,2017,51,5.92000007629395,1.41691517829895,1.43633782863617,0.913475871086121,0.505625545978546,0.12057276815176
367,216,2017,52,5.90199995040894,1.31458234786987,1.47351610660553,0.62894994020462,0.234231784939766,0.010164656676352
368,217,2017,53,5.87200021743774,1.09186446666718,1.1462174654007,0.617584645748138,0.233335807919502,0.0694366469979286
369,218,2017,54,5.84999990463257,1.26074862480164,1.40471494197845,0.638566970825195,0.325707912445068,0.153074786067009
370,219,2017,55,5.83799982070923,1.40167844295502,1.12827444076538,0.900214076042175,0.257921665906906,0.206674367189407
371,220,2017,56,5.83799982070923,0.728870630264282,1.25182557106018,0.589465200901031,0.240729048848152,0.208779126405716
372,221,2017,57,5.82499980926514,1.21768391132355,1.15009129047394,0.685158312320709,0.457003742456436,0.133519917726517
373,222,2017,58,5.82299995422363,0.833756566047668,1.22761905193329,0.473630249500275,0.558732926845551,0.22556072473526
374,223,2017,59,5.82200002670288,1.13077676296234,1.49314916133881,0.437726080417633,0.41827192902565,0.24992498755455
375,224,2017,60,5.81899976730347,1.28455626964569,1.38436901569366,0.606041550636292,0.437454283237457,0.201964423060417
376,225,2017,61,5.80999994277954,1.3469113111496,1.18630337715149,0.834647238254547,0.471203625202179,0.266845703125
377,226,2017,62,5.75799989700317,1.3412059545517,1.45251882076263,0.790828227996826,0.572575807571411,0.242649093270302
378,227,2017,63,5.71500015258789,1.03522527217865,1.21877038478851,0.630166113376617,0.450002878904343,0.126819714903831
379,228,2017,64,5.62900018692017,1.18939554691315,1.20956099033356,0.638007462024689,0.491247326135635,0.360933750867844
380,229,2017,65,5.62099981307983,1.35593807697296,1.13136327266693,0.84471470117569,0.355111539363861,0.271254301071167
381,230,2017,66,5.61100006103516,1.32087934017181,1.47667109966278,0.695168316364288,0.479131430387497,0.0988908112049103
382,231,2017,67,5.56899976730347,1.15655755996704,1.44494521617889,0.637714266777039,0.295400261878967,0.15513750910759
383,232,2017,68,5.52500009536743,1.10180306434631,1.35756433010101,0.520169019699097,0.465733230113983,0.152073666453362
384,233,2017,69,5.5,1.19827437400818,1.33775317668915,0.637605607509613,0.300740599632263,0.0466930419206619
385,234,2017,70,5.49300003051758,0.932537317276001,1.50728487968445,0.579250693321228,0.473507791757584,0.224150657653809
386,235,2017,71,5.47200012207031,1.55167484283447,1.26279091835022,0.943062424659729,0.490968644618988,0.374465793371201
387,236,2017,72,5.42999982833862,0.85769921541214,1.25391757488251,0.468009054660797,0.585214674472809,0.193513423204422
388,237,2017,73,5.39499998092651,1.06931757926941,1.25818979740143,0.65078467130661,0.208715528249741,0.220125883817673
389,238,2017,74,5.33599996566772,0.991012394428253,1.23908889293671,0.604590058326721,0.418421149253845,0.172170460224152
390,239,2017,75,5.32399988174438,1.2860119342804,1.34313309192657,0.687763452529907,0.175863519310951,0.0784016624093056
391,240,2017,76,5.31099987030029,0.925579309463501,1.36821806430817,0.641022384166718,0.474307239055634,0.233818337321281
392,241,2017,77,5.29300022125244,1.22255623340607,0.96798300743103,0.701288521289825,0.255772292613983,0.248002976179123
393,242,2017,78,5.27899980545044,0.951484382152557,1.13785350322723,0.541452050209045,0.260287940502167,0.319931447505951
394,243,2017,79,5.27299976348877,1.08116579055786,1.16083741188049,0.741415500640869,0.472787708044052,0.0288068410009146
395,244,2017,80,5.26900005340576,0.72688353061676,0.672690689563751,0.402047783136368,0.23521526157856,0.315446019172668
396,245,2017,81,5.26200008392334,0.995538592338562,1.27444469928741,0.492345720529556,0.443323463201523,0.611704587936401
397,246,2017,82,5.25,1.12843120098114,1.43133759498596,0.617144227027893,0.153997123241425,0.0650196298956871
398,247,2017,83,5.23699998855591,1.12112903594971,1.23837649822235,0.667464673519135,0.194989055395126,0.197911024093628
399,248,2017,84,5.2350001335144,0.878114581108093,0.774864435195923,0.59771066904068,0.408158332109451,0.0322099551558495
400,249,2017,85,5.23400020599365,1.15360176563263,1.15240025520325,0.540775775909424,0.398155838251114,0.0452693402767181
401,250,2017,86,5.23000001907349,1.07937383651733,1.40241670608521,0.574873745441437,0.55258983373642,0.186967849731445
402,251,2017,87,5.22700023651123,1.28948748111725,1.23941457271576,0.810198903083801,0.0957312509417534,0.0
403,252,2017,88,5.22499990463257,1.07498753070831,1.12962424755096,0.735081076622009,0.288515985012054,0.264450758695602
404,253,2017,89,5.19500017166138,1.3151752948761,1.36704301834106,0.795843541622162,0.498465299606323,0.0951027125120163
405,254,2017,90,5.18200016021729,0.982409417629242,1.0693359375,0.705186307430267,0.204403176903725,0.328867495059967
406,255,2017,91,5.18100023269653,0.730573117733002,1.14394497871399,0.582569479942322,0.348079860210419,0.236188873648643
407,256,2017,92,5.17500019073486,1.06457793712616,1.20789301395416,0.644948184490204,0.325905978679657,0.25376096367836
408,257,2017,93,5.15100002288818,0.0226431842893362,0.721151351928711,0.113989137113094,0.602126955986023,0.291631311178207
409,258,2017,94,5.07399988174438,0.788547575473785,1.27749133110046,0.652168989181519,0.571055591106415,0.234968051314354
410,259,2017,95,5.07399988174438,0.783756256103516,1.21577048301697,0.0569157302379608,0.394952565431595,0.230947196483612
411,260,2017,96,5.04099988937378,0.524713635444641,1.27146327495575,0.529235124588013,0.471566706895828,0.248997643589973
412,261,2017,97,5.01100015640259,0.885416388511658,1.34012651443481,0.495879292488098,0.501537680625916,0.474054545164108
413,262,2017,98,5.00400018692017,0.596220076084137,1.39423859119415,0.553457796573639,0.454943388700485,0.42858037352562
414,263,2017,99,4.96199989318848,0.479820191860199,1.17928326129913,0.504130780696869,0.440305948257446,0.394096165895462
415,264,2017,100,4.95499992370605,1.02723586559296,1.4930112361908,0.557783484458923,0.394143968820572,0.338464230298996
416,265,2017,101,4.8289999961853,1.05469870567322,1.38478863239288,0.187080070376396,0.479246735572815,0.139362379908562
417,266,2017,102,4.80499982833862,1.00726580619812,0.868351459503174,0.613212049007416,0.289680689573288,0.0496933571994305
418,267,2017,103,4.77500009536743,0.716249227523804,1.15564715862274,0.565666973590851,0.25471106171608,0.114173173904419
419,268,2017,104,4.7350001335144,0.989701807498932,0.997471392154694,0.520187258720398,0.282110154628754,0.128631442785263
420,269,2017,105,4.71400022506714,1.1614590883255,1.43437945842743,0.708217680454254,0.289231717586517,0.113177694380283
421,270,2017,106,4.70900011062622,0.36842092871666,0.984136044979095,0.0055647538974881,0.318697690963745,0.293040901422501
422,271,2017,107,4.69500017166138,0.564305365085602,0.946018218994141,0.132892116904259,0.430388748645782,0.236298456788063
423,272,2017,108,4.69199991226196,1.15687310695648,0.711551249027252,0.639333188533783,0.249322608113289,0.387242913246155
424,273,2017,109,4.64400005340576,0.996192753314972,0.803685247898102,0.731159746646881,0.381498634815216,0.201312944293022
425,274,2017,110,4.60799980163574,0.586682975292206,0.735131740570068,0.533241033554077,0.478356659412384,0.172255352139473
426,275,2017,111,4.57399988174438,0.964434325695038,1.0984708070755,0.33861181139946,0.520303547382355,0.0771337449550629
427,276,2017,112,4.55299997329712,0.560479462146759,1.06795072555542,0.309988349676132,0.452763766050339,0.444860309362411
428,277,2017,113,4.55000019073486,0.234305649995804,0.870701014995575,0.106654435396194,0.480791091918945,0.322228103876114
429,278,2017,114,4.54500007629395,0.367110550403595,1.12323594093323,0.397522568702698,0.514492034912109,0.838075160980225
430,279,2017,115,4.53499984741211,0.479309022426605,1.17969191074371,0.409362852573395,0.377922266721725,0.183468893170357
431,280,2017,116,4.51399993896484,0.636406779289246,1.00318729877472,0.257835894823074,0.461603492498398,0.249580144882202
432,281,2017,117,4.49700021743774,1.10271048545837,0.978613197803497,0.501180469989777,0.288555532693863,0.19963726401329
433,282,2017,118,4.46500015258789,1.1982102394104,1.1556202173233,0.356578588485718,0.312328577041626,0.0437853783369064
434,283,2017,119,4.46000003814697,0.339233845472336,0.86466920375824,0.353409707546234,0.408842742443085,0.312650740146637
435,284,2017,120,4.44000005722046,1.00985014438629,1.25997638702393,0.625130832195282,0.561213254928589,0.490863561630249
436,285,2017,121,4.37599992752075,0.900596737861633,1.00748372077942,0.637524425983429,0.198303267359734,0.0834880918264389
437,286,2017,122,4.31500005722046,0.792221248149872,0.754372596740723,0.455427616834641,0.469987004995346,0.231538489460945
438,287,2017,123,4.29199981689453,0.648457288742065,1.2720308303833,0.285349279642105,0.0960980430245399,0.201870024204254
439,288,2017,124,4.29099988937378,0.808964252471924,0.832044363021851,0.28995743393898,0.435025870800018,0.120852127671242
440,289,2017,125,4.28599977493286,0.950612664222717,0.57061493396759,0.649546980857849,0.309410035610199,0.0540088154375553
441,290,2017,126,4.28000020980835,0.0921023488044739,1.22902345657349,0.191407024860382,0.235961347818375,0.246455833315849
442,291,2017,127,4.19000005722046,0.476180493831635,1.28147339820862,0.169365674257278,0.306613743305206,0.183354198932648
443,292,2017,128,4.17999982833862,0.603048920631409,0.904780030250549,0.0486421696841717,0.447706192731857,0.201237469911575
444,293,2017,129,4.16800022125244,0.601765096187592,1.00623834133148,0.429783403873444,0.633375823497772,0.385922968387604
445,294,2017,130,4.13899993896484,0.65951669216156,1.21400856971741,0.290920823812485,0.0149958552792668,0.182317450642586
446,295,2017,131,4.11999988555908,0.667224824428558,0.873664736747742,0.295637726783752,0.423026293516159,0.256923943758011
447,296,2017,132,4.09600019454956,0.89465194940567,1.39453756809235,0.575903952121735,0.122974775731564,0.270061463117599
448,297,2017,133,4.08099985122681,0.381430715322495,1.12982773780823,0.217632606625557,0.443185955286026,0.325766056776047
449,298,2017,134,4.03200006484985,0.3502277135849,1.04328000545502,0.215844258666039,0.324367851018906,0.250864684581757
450,299,2017,135,4.02799987792969,0.161925330758095,0.993025004863739,0.26850500702858,0.36365869641304,0.228673845529556
451,300,2017,136,3.97000002861023,0.233442038297653,0.512568831443787,0.315089583396912,0.466914653778076,0.287170469760895
452,301,2017,137,3.93600010871887,0.438012987375259,0.953855872154236,0.0411347150802612,0.16234202682972,0.216113850474358
453,302,2017,138,3.875,0.375846534967422,1.08309590816498,0.196763753890991,0.336384207010269,0.189143493771553
454,303,2017,139,3.80800008773804,0.521021246910095,1.19009518623352,0.0,0.390661299228668,0.157497271895409
455,304,2017,140,3.79500007629395,0.858428180217743,1.10441195964813,0.0498686656355858,0.0,0.097926490008831
456,305,2017,141,3.79399991035461,0.401477217674255,0.581543326377869,0.180746778845787,0.106179520487785,0.311870932579041
457,306,2017,142,3.76600003242493,1.12209415435791,1.22155499458313,0.341755509376526,0.505196332931519,0.0993484482169151
458,307,2017,143,3.65700006484985,0.431085407733917,0.435299843549728,0.209930211305618,0.425962775945663,0.207948461174965
459,308,2017,144,3.64400005340576,0.305808693170547,0.913020372390747,0.375223308801651,0.189196765422821,0.208732530474663
460,309,2017,145,3.6029999256134,0.368610262870789,0.640449821949005,0.277321130037308,0.0303698573261499,0.489203780889511
461,310,2017,146,3.59299993515015,0.591683447360992,0.93538224697113,0.310080915689468,0.249463722109795,0.104125209152699
462,311,2017,147,3.59100008010864,0.39724862575531,0.601323127746582,0.163486003875732,0.147062435746193,0.285670816898346
463,312,2017,148,3.53299999237061,0.119041793048382,0.872117936611176,0.229918196797371,0.332881182432175,0.26654988527298
464,313,2017,149,3.50699996948242,0.244549930095673,0.791244685649872,0.194129139184952,0.348587512969971,0.264815092086792
465,314,2017,150,3.49499988555908,0.305444717407227,0.431882530450821,0.247105568647385,0.38042613863945,0.196896150708199
466,315,2017,151,3.47099995613098,0.368745893239975,0.945707023143768,0.326424807310104,0.581843852996826,0.252756029367447
467,316,2017,152,3.46199989318848,0.777153134346008,0.396102607250214,0.50053334236145,0.0815394446253777,0.493663728237152
468,317,2017,153,3.34899997711182,0.511135876178741,1.04198980331421,0.364509284496307,0.390017777681351,0.354256361722946
469,318,2017,154,2.90499997138977,0.091622568666935,0.629793584346771,0.151610791683197,0.0599007532000542,0.204435184597969
470,319,2017,155,2.69300007820129,0.0,0.0,0.0187726859003305,0.270842045545578,0.280876487493515
471,169,2018,1,7.632,1.305,1.592,0.874,0.681,0.202
472,165,2018,2,7.594,1.456,1.582,0.861,0.686,0.286
473,166,2018,3,7.555,1.351,1.59,0.868,0.683,0.284
474,167,2018,4,7.495,1.343,1.644,0.914,0.677,0.353
475,168,2018,5,7.487,1.42,1.549,0.927,0.66,0.256
476,170,2018,6,7.441,1.361,1.488,0.878,0.638,0.333
477,171,2018,7,7.328,1.33,1.532,0.896,0.653,0.321
478,172,2018,8,7.324,1.268,1.601,0.876,0.669,0.365
479,173,2018,9,7.314,1.355,1.501,0.913,0.659,0.285
480,174,2018,10,7.272,1.34,1.573,0.91,0.647,0.361
481,183,2018,11,7.19,1.244,1.433,0.888,0.464,0.262
482,177,2018,12,7.139,1.341,1.504,0.891,0.617,0.242
483,176,2018,13,7.072,1.01,1.459,0.817,0.632,0.143
484,179,2018,14,6.977,1.448,1.583,0.876,0.614,0.307
485,180,2018,15,6.965,1.34,1.474,0.861,0.586,0.273
486,181,2018,16,6.927,1.324,1.483,0.894,0.583,0.188
487,182,2018,17,6.91,1.576,1.52,0.896,0.632,0.196
488,178,2018,18,6.886,1.398,1.471,0.819,0.547,0.291
489,175,2018,19,6.814,1.301,1.559,0.883,0.533,0.354
490,185,2018,20,6.774,2.096,0.776,0.67,0.284,0.186
491,187,2018,21,6.711,1.233,1.489,0.854,0.543,0.064
492,191,2018,22,6.627,1.27,1.525,0.884,0.645,0.376
493,195,2018,23,6.489,1.293,1.466,0.908,0.52,0.098
494,189,2018,24,6.488,1.038,1.252,0.761,0.479,0.069
495,184,2018,25,6.476,1.131,1.331,0.808,0.431,0.197
496,320,2018,26,6.441,1.365,1.436,0.857,0.418,0.151
497,194,2018,27,6.43,1.112,1.438,0.759,0.597,0.125
498,186,2018,28,6.419,0.986,1.474,0.675,0.493,0.11
499,188,2018,29,6.388,1.073,1.468,0.744,0.57,0.062
500,193,2018,30,6.382,0.781,1.268,0.608,0.604,0.179
501,192,2018,31,6.379,1.093,1.459,0.771,0.625,0.13
502,199,2018,32,6.374,1.649,1.303,0.748,0.654,0.256
503,201,2018,33,6.371,1.379,1.331,0.633,0.509,0.098
504,190,2018,34,6.343,1.529,1.451,1.008,0.631,0.261
505,206,2018,35,6.322,1.161,1.258,0.669,0.356,0.311
506,198,2018,36,6.31,1.251,1.538,0.965,0.449,0.142
507,200,2018,37,6.26,0.96,1.439,0.635,0.531,0.099
508,321,2018,38,6.192,1.223,1.492,0.564,0.575,0.171
509,204,2018,39,6.173,1.21,1.537,0.776,0.354,0.118
510,209,2018,40,6.167,0.806,1.231,0.639,0.461,0.065
511,207,2018,41,6.141,0.668,1.319,0.7,0.527,0.208
512,210,2018,42,6.123,1.176,1.448,0.781,0.546,0.108
513,205,2018,43,6.105,1.338,1.366,0.698,0.594,0.243
514,211,2018,44,6.096,0.719,1.584,0.605,0.724,0.328
515,203,2018,45,6.083,1.474,1.301,0.675,0.554,0.167
516,196,2018,46,6.072,1.016,1.417,0.707,0.637,0.364
517,212,2018,47,6.0,1.264,1.501,0.946,0.281,0.137
518,208,2018,48,5.973,0.889,1.33,0.736,0.556,0.114
519,214,2018,49,5.956,0.807,1.101,0.474,0.593,0.183
520,216,2018,50,5.952,1.197,1.527,0.716,0.35,0.026
521,226,2018,51,5.948,1.219,1.506,0.856,0.633,0.16
522,221,2018,52,5.945,1.116,1.219,0.726,0.528,0.088
523,218,2018,53,5.933,1.148,1.454,0.671,0.363,0.092
524,215,2018,54,5.915,1.294,1.462,0.988,0.553,0.079
525,228,2018,55,5.891,1.09,1.387,0.684,0.584,0.245
526,240,2018,56,5.89,0.819,1.493,0.693,0.575,0.096
527,219,2018,57,5.875,1.266,1.204,0.955,0.244,0.175
528,322,2018,58,5.835,1.229,1.211,0.909,0.495,0.179
529,213,2018,59,5.81,1.151,1.479,0.599,0.399,0.065
530,224,2018,60,5.79,1.143,1.516,0.631,0.454,0.148
531,229,2018,61,5.762,1.229,1.191,0.909,0.423,0.202
532,222,2018,62,5.752,0.751,1.223,0.508,0.606,0.141
533,230,2018,63,5.739,1.2,1.532,0.737,0.553,0.086
534,234,2018,64,5.681,0.835,1.522,0.615,0.541,0.162
535,227,2018,65,5.663,0.934,1.249,0.674,0.53,0.092
536,242,2018,66,5.662,0.855,1.23,0.578,0.448,0.274
537,220,2018,67,5.64,0.657,1.301,0.62,0.232,0.171
538,223,2018,68,5.636,1.016,1.533,0.517,0.417,0.199
539,239,2018,69,5.62,1.171,1.401,0.732,0.259,0.061
540,232,2018,70,5.566,0.985,1.35,0.553,0.496,0.116
541,236,2018,71,5.524,0.775,1.312,0.513,0.643,0.12
542,255,2018,72,5.504,0.62,1.205,0.622,0.459,0.197
543,231,2018,73,5.483,1.039,1.498,0.7,0.307,0.101
544,233,2018,74,5.483,1.148,1.38,0.686,0.324,0.106
545,244,2018,75,5.472,0.652,0.81,0.424,0.334,0.216
546,323,2018,76,5.43,1.405,1.29,1.03,0.524,0.246
547,253,2018,77,5.41,1.188,1.429,0.884,0.562,0.055
548,237,2018,78,5.398,0.975,1.369,0.685,0.288,0.134
549,251,2018,79,5.358,1.154,1.202,0.879,0.131,0.0
550,252,2018,80,5.358,0.965,1.179,0.785,0.503,0.214
551,247,2018,81,5.347,1.017,1.279,0.729,0.259,0.111
552,241,2018,82,5.321,1.115,1.161,0.737,0.38,0.12
553,250,2018,83,5.302,0.982,1.441,0.614,0.578,0.12
554,217,2018,84,5.295,0.979,1.154,0.687,0.077,0.055
555,248,2018,85,5.254,0.779,0.797,0.669,0.46,0.026
556,243,2018,86,5.246,0.989,1.142,0.799,0.597,0.029
557,249,2018,87,5.201,1.024,1.161,0.603,0.43,0.031
558,260,2018,88,5.199,0.474,1.166,0.598,0.292,0.187
559,256,2018,89,5.185,0.959,1.239,0.691,0.394,0.173
560,238,2018,90,5.161,0.822,1.265,0.645,0.468,0.13
561,259,2018,91,5.155,0.689,1.172,0.048,0.462,0.201
562,262,2018,92,5.131,0.53,1.416,0.594,0.54,0.281
563,254,2018,93,5.129,0.915,1.078,0.758,0.28,0.216
564,264,2018,94,5.125,0.914,1.517,0.575,0.395,0.253
565,258,2018,95,5.103,0.715,1.365,0.702,0.618,0.177
566,245,2018,96,5.093,0.899,1.215,0.522,0.538,0.484
567,261,2018,97,5.082,0.796,1.335,0.527,0.541,0.364
568,257,2018,98,4.982,0.0,0.712,0.115,0.674,0.238
569,271,2018,99,4.975,0.535,0.891,0.182,0.454,0.183
570,269,2018,100,4.933,1.054,1.515,0.712,0.359,0.064
571,263,2018,101,4.88,0.425,1.228,0.539,0.526,0.302
572,246,2018,102,4.806,0.996,1.469,0.657,0.133,0.056
573,282,2018,103,4.758,1.036,1.164,0.404,0.356,0.032
574,267,2018,104,4.743,0.642,1.217,0.602,0.266,0.086
575,265,2018,105,4.724,0.94,1.41,0.33,0.516,0.103
576,272,2018,106,4.707,1.059,0.771,0.691,0.459,0.282
577,292,2018,107,4.671,0.541,0.872,0.08,0.467,0.146
578,295,2018,108,4.657,0.592,0.896,0.337,0.499,0.212
579,279,2018,109,4.631,0.429,1.117,0.433,0.406,0.138
580,324,2018,110,4.623,0.72,1.034,0.441,0.626,0.23
581,266,2018,111,4.592,0.9,0.906,0.69,0.271,0.04
582,273,2018,112,4.586,0.916,0.817,0.79,0.419,0.149
583,270,2018,113,4.571,0.256,0.813,0.0,0.355,0.238
584,288,2018,114,4.559,0.682,0.811,0.343,0.514,0.091
585,274,2018,115,4.5,0.532,0.85,0.579,0.58,0.153
586,284,2018,116,4.471,0.918,1.314,0.672,0.585,0.307
587,281,2018,117,4.456,1.01,0.971,0.536,0.304,0.148
588,291,2018,118,4.447,0.37,1.233,0.152,0.367,0.139
589,275,2018,119,4.441,0.874,1.281,0.365,0.519,0.051
590,293,2018,120,4.433,0.549,1.088,0.457,0.696,0.256
591,298,2018,121,4.424,0.314,1.097,0.254,0.312,0.175
592,268,2018,122,4.419,0.885,1.025,0.553,0.312,0.092
593,277,2018,123,4.417,0.198,0.902,0.173,0.531,0.206
594,276,2018,124,4.41,0.493,1.048,0.454,0.504,0.352
595,280,2018,125,4.377,0.562,1.047,0.295,0.503,0.221
596,287,2018,126,4.356,0.557,1.245,0.292,0.129,0.134
597,283,2018,127,4.35,0.308,0.95,0.391,0.452,0.22
598,289,2018,128,4.34,0.853,0.592,0.643,0.375,0.038
599,285,2018,129,4.321,0.816,0.99,0.666,0.26,0.077
600,278,2018,130,4.308,0.682,1.174,0.429,0.58,0.598
601,301,2018,131,4.301,0.358,0.907,0.053,0.189,0.181
602,290,2018,132,4.245,0.069,1.136,0.204,0.312,0.197
603,286,2018,133,4.19,0.721,0.747,0.485,0.539,0.172
604,299,2018,134,4.166,0.131,0.867,0.221,0.39,0.175
605,297,2018,135,4.161,0.322,1.09,0.237,0.45,0.259
606,307,2018,136,4.141,0.378,0.372,0.24,0.44,0.163
607,294,2018,137,4.139,0.605,1.24,0.312,0.016,0.134
608,296,2018,138,4.103,0.793,1.413,0.609,0.163,0.187
609,314,2018,139,3.999,0.259,0.474,0.253,0.434,0.158
610,313,2018,140,3.964,0.344,0.792,0.211,0.394,0.185
611,303,2018,141,3.808,0.472,1.215,0.079,0.423,0.116
612,304,2018,142,3.795,0.73,1.125,0.269,0.0,0.079
613,308,2018,143,3.774,0.262,0.908,0.402,0.221,0.155
614,302,2018,144,3.692,0.357,1.094,0.248,0.406,0.132
615,305,2018,145,3.632,0.332,0.537,0.255,0.085,0.191
616,306,2018,146,3.59,1.017,1.174,0.417,0.557,0.042
617,300,2018,147,3.587,0.186,0.541,0.306,0.531,0.21
618,309,2018,148,3.582,0.315,0.714,0.289,0.025,0.392
619,312,2018,149,3.495,0.076,0.858,0.267,0.419,0.206
620,316,2018,150,3.462,0.689,0.382,0.539,0.088,0.376
621,315,2018,151,3.408,0.332,0.896,0.4,0.636,0.2
622,310,2018,152,3.355,0.442,1.073,0.343,0.244,0.083
623,317,2018,153,3.303,0.455,0.991,0.381,0.481,0.27
624,311,2018,154,3.254,0.337,0.608,0.177,0.112,0.224
625,319,2018,155,3.083,0.024,0.0,0.01,0.305,0.218
626,318,2018,156,2.905,0.091,0.627,0.145,0.065,0.149
627,169,2019,1,7.769,1.34,1.587,0.986,0.596,0.153
628,166,2019,2,7.6,1.383,1.573,0.996,0.592,0.252
629,165,2019,3,7.554,1.488,1.582,1.028,0.603,0.271
630,167,2019,4,7.494,1.38,1.624,1.026,0.591,0.354
631,170,2019,5,7.488,1.396,1.522,0.999,0.557,0.322
632,168,2019,6,7.48,1.452,1.526,1.052,0.572,0.263
633,173,2019,7,7.343,1.387,1.487,1.009,0.574,0.267
634,172,2019,8,7.307,1.303,1.557,1.026,0.585,0.33
635,171,2019,9,7.278,1.365,1.505,1.039,0.584,0.285
636,177,2019,10,7.246,1.376,1.475,1.016,0.532,0.244
637,174,2019,11,7.228,1.372,1.548,1.036,0.557,0.332
638,176,2019,12,7.167,1.034,1.441,0.963,0.558,0.144
639,175,2019,13,7.139,1.276,1.455,1.029,0.371,0.261
640,182,2019,14,7.09,1.609,1.479,1.012,0.526,0.194
641,183,2019,15,7.054,1.333,1.538,0.996,0.45,0.348
642,179,2019,16,7.021,1.499,1.553,0.999,0.516,0.298
643,180,2019,17,6.985,1.373,1.454,0.987,0.495,0.261
644,181,2019,18,6.923,1.356,1.504,0.986,0.473,0.16
645,178,2019,19,6.892,1.433,1.457,0.874,0.454,0.28
646,187,2019,20,6.852,1.269,1.487,0.92,0.457,0.046
647,185,2019,21,6.825,1.503,1.31,0.825,0.598,0.262
648,191,2019,22,6.726,1.3,1.52,0.999,0.564,0.375
649,189,2019,23,6.595,1.07,1.323,0.861,0.433,0.074
650,195,2019,24,6.592,1.324,1.472,1.045,0.436,0.111
651,320,2019,25,6.446,1.368,1.43,0.914,0.351,0.242
652,184,2019,26,6.444,1.159,1.369,0.92,0.357,0.187
653,193,2019,27,6.436,0.8,1.269,0.746,0.535,0.175
654,201,2019,28,6.375,1.403,1.357,0.795,0.439,0.08
655,199,2019,29,6.374,1.684,1.313,0.871,0.555,0.22
656,198,2019,30,6.354,1.286,1.484,1.062,0.362,0.153
657,194,2019,31,6.321,1.149,1.442,0.91,0.516,0.109
658,186,2019,32,6.3,1.004,1.439,0.802,0.39,0.099
659,192,2019,33,6.293,1.124,1.465,0.891,0.523,0.127
660,190,2019,34,6.262,1.572,1.463,1.141,0.556,0.271
661,209,2019,35,6.253,0.794,1.242,0.789,0.43,0.093
662,212,2019,36,6.223,1.294,1.488,1.039,0.231,0.158
663,205,2019,37,6.199,1.362,1.368,0.871,0.536,0.255
664,204,2019,38,6.198,1.246,1.504,0.881,0.334,0.121
665,321,2019,39,6.192,1.231,1.477,0.713,0.489,0.185
666,210,2019,40,6.182,1.206,1.438,0.884,0.483,0.117
667,211,2019,41,6.174,0.745,1.529,0.756,0.631,0.322
668,216,2019,42,6.149,1.238,1.515,0.818,0.291,0.043
669,200,2019,43,6.125,0.985,1.41,0.841,0.47,0.099
670,226,2019,44,6.118,1.258,1.523,0.953,0.564,0.144
671,207,2019,45,6.105,0.694,1.325,0.835,0.435,0.2
672,242,2019,46,6.1,0.882,1.232,0.758,0.489,0.262
673,188,2019,47,6.086,1.092,1.432,0.881,0.471,0.066
674,221,2019,48,6.07,1.162,1.232,0.825,0.462,0.083
675,229,2019,49,6.046,1.263,1.223,1.042,0.406,0.19
676,208,2019,50,6.028,0.912,1.312,0.868,0.498,0.126
677,203,2019,51,6.021,1.5,1.319,0.808,0.493,0.142
678,196,2019,52,6.008,1.05,1.409,0.828,0.557,0.359
679,218,2019,53,5.94,1.187,1.465,0.812,0.264,0.075
680,219,2019,54,5.895,1.301,1.219,1.036,0.159,0.175
681,230,2019,55,5.893,1.237,1.528,0.874,0.495,0.103
682,240,2019,56,5.89,0.831,1.478,0.831,0.49,0.107
683,228,2019,57,5.888,1.12,1.402,0.798,0.498,0.215
684,215,2019,58,5.886,1.327,1.419,1.088,0.445,0.069
685,255,2019,59,5.86,0.642,1.236,0.828,0.507,0.246
686,224,2019,60,5.809,1.173,1.508,0.729,0.41,0.146
687,222,2019,61,5.779,0.776,1.209,0.706,0.511,0.137
688,239,2019,62,5.758,1.201,1.41,0.828,0.199,0.081
689,234,2019,63,5.743,0.855,1.475,0.777,0.514,0.184
690,322,2019,64,5.718,1.263,1.252,1.042,0.417,0.191
691,227,2019,65,5.697,0.96,1.274,0.854,0.455,0.083
692,253,2019,66,5.693,1.221,1.431,0.999,0.508,0.047
693,244,2019,67,5.653,0.677,0.886,0.535,0.313,0.22
694,213,2019,68,5.648,1.183,1.452,0.726,0.334,0.082
695,236,2019,69,5.631,0.807,1.293,0.657,0.558,0.117
696,237,2019,70,5.603,1.004,1.383,0.854,0.282,0.137
697,220,2019,71,5.529,0.685,1.328,0.739,0.245,0.181
698,232,2019,72,5.525,1.044,1.303,0.673,0.416,0.133
699,247,2019,73,5.523,1.051,1.361,0.871,0.197,0.142
700,260,2019,74,5.467,0.493,1.098,0.718,0.389,0.23
701,241,2019,75,5.432,1.155,1.266,0.914,0.296,0.119
702,323,2019,76,5.43,1.438,1.277,1.122,0.44,0.258
703,250,2019,77,5.425,1.015,1.401,0.779,0.497,0.113
704,254,2019,78,5.386,0.945,1.212,0.845,0.212,0.263
705,233,2019,79,5.373,1.183,1.36,0.808,0.195,0.083
706,206,2019,80,5.339,1.221,1.171,0.828,0.508,0.26
707,231,2019,81,5.323,1.067,1.465,0.789,0.235,0.094
708,251,2019,82,5.287,1.181,1.156,0.999,0.067,0.0
709,264,2019,83,5.285,0.948,1.531,0.667,0.317,0.235
710,325,2019,84,5.274,0.983,1.294,0.838,0.345,0.185
711,259,2019,85,5.265,0.696,1.111,0.245,0.426,0.215
712,262,2019,86,5.261,0.551,1.438,0.723,0.508,0.3
713,223,2019,87,5.247,1.052,1.538,0.657,0.394,0.244
714,217,2019,88,5.211,1.002,1.16,0.785,0.086,0.073
715,248,2019,89,5.208,0.801,0.782,0.782,0.418,0.036
716,249,2019,90,5.208,1.043,1.147,0.769,0.351,0.035
717,252,2019,91,5.197,0.987,1.224,0.815,0.216,0.166
718,245,2019,92,5.192,0.931,1.203,0.66,0.491,0.498
719,243,2019,93,5.191,1.029,1.125,0.893,0.521,0.058
720,258,2019,94,5.175,0.741,1.346,0.851,0.543,0.147
721,261,2019,95,5.082,0.813,1.321,0.604,0.457,0.37
722,271,2019,96,5.044,0.549,0.91,0.331,0.381,0.187
723,269,2019,97,5.011,1.092,1.513,0.815,0.311,0.081
724,295,2019,98,4.996,0.611,0.868,0.486,0.381,0.245
725,292,2019,99,4.944,0.569,0.808,0.232,0.352,0.154
726,263,2019,100,4.913,0.446,1.226,0.677,0.439,0.285
727,238,2019,101,4.906,0.837,1.225,0.815,0.383,0.11
728,307,2019,102,4.883,0.393,0.437,0.397,0.349,0.175
729,288,2019,103,4.812,0.673,0.799,0.508,0.372,0.105
730,282,2019,104,4.799,1.057,1.183,0.571,0.295,0.043
731,324,2019,105,4.796,0.764,1.03,0.551,0.547,0.266
732,265,2019,106,4.722,0.96,1.351,0.469,0.389,0.13
733,273,2019,107,4.719,0.947,0.848,0.874,0.383,0.178
734,246,2019,108,4.707,0.96,1.427,0.805,0.154,0.064
735,293,2019,109,4.7,0.574,1.122,0.637,0.609,0.232
736,267,2019,110,4.696,0.657,1.247,0.672,0.225,0.103
737,279,2019,111,4.681,0.45,1.134,0.571,0.292,0.153
738,257,2019,112,4.668,0.0,0.698,0.268,0.559,0.243
739,275,2019,113,4.639,0.879,1.313,0.477,0.401,0.07
740,299,2019,114,4.628,0.138,0.774,0.366,0.318,0.188
741,298,2019,115,4.587,0.331,1.056,0.38,0.255,0.177
742,285,2019,116,4.559,0.85,1.055,0.815,0.283,0.095
743,272,2019,117,4.548,1.1,0.842,0.785,0.305,0.27
744,313,2019,118,4.534,0.38,0.829,0.375,0.332,0.207
745,289,2019,119,4.519,0.886,0.666,0.752,0.346,0.043
746,326,2019,120,4.516,0.308,0.939,0.428,0.382,0.269
747,276,2019,121,4.509,0.512,0.983,0.581,0.431,0.372
748,287,2019,122,4.49,0.57,1.167,0.489,0.066,0.106
749,277,2019,123,4.466,0.204,0.986,0.39,0.494,0.197
750,266,2019,124,4.461,0.921,1.0,0.815,0.167,0.059
751,274,2019,125,4.456,0.562,0.928,0.723,0.527,0.166
752,281,2019,126,4.437,1.043,0.98,0.574,0.241,0.148
753,290,2019,127,4.418,0.094,1.125,0.357,0.269,0.212
754,291,2019,128,4.39,0.385,1.105,0.308,0.327,0.153
755,270,2019,129,4.374,0.268,0.841,0.242,0.309,0.252
756,284,2019,130,4.366,0.949,1.265,0.831,0.47,0.244
757,278,2019,131,4.36,0.71,1.181,0.555,0.525,0.566
758,301,2019,132,4.35,0.35,0.766,0.192,0.174,0.198
759,296,2019,133,4.332,0.82,1.39,0.739,0.178,0.187
760,283,2019,134,4.286,0.336,1.033,0.532,0.344,0.209
761,327,2019,135,4.212,0.811,1.149,0.0,0.313,0.074
762,297,2019,136,4.189,0.332,1.069,0.443,0.356,0.252
763,268,2019,137,4.166,0.913,1.039,0.644,0.241,0.076
764,280,2019,138,4.107,0.578,1.058,0.426,0.431,0.247
765,314,2019,139,4.085,0.275,0.572,0.41,0.293,0.177
766,286,2019,140,4.015,0.755,0.765,0.588,0.498,0.2
767,312,2019,141,3.975,0.073,0.922,0.443,0.37,0.233
768,328,2019,142,3.973,0.274,0.757,0.505,0.142,0.275
769,308,2019,143,3.933,0.274,0.916,0.555,0.148,0.169
770,303,2019,144,3.802,0.489,1.169,0.168,0.359,0.107
771,318,2019,145,3.775,0.046,0.447,0.38,0.22,0.176
772,302,2019,146,3.663,0.366,1.114,0.433,0.361,0.151
773,309,2019,147,3.597,0.323,0.688,0.449,0.026,0.419
774,306,2019,148,3.488,1.041,1.145,0.538,0.455,0.025
775,316,2019,149,3.462,0.619,0.378,0.44,0.013,0.331
776,300,2019,150,3.41,0.191,0.56,0.495,0.443,0.218
777,310,2019,151,3.38,0.287,1.163,0.463,0.143,0.108
778,315,2019,152,3.334,0.359,0.711,0.614,0.555,0.217
779,317,2019,153,3.231,0.476,0.885,0.499,0.417,0.276
780,305,2019,154,3.203,0.35,0.517,0.361,0.0,0.158
781,319,2019,155,3.083,0.026,0.0,0.105,0.225,0.235
782,311,2019,156,2.853,0.306,0.575,0.295,0.01,0.202
